Timestamp,Wind Speed (m/s),U Component (m/s),V Component (m/s),Latitude (degrees),Longitude (degrees)
2023-08-18 15:52:08,0.25,9.09,9.28,-65.54,-34.56
2022-12-28 06:52:08,11.32,11.55,15.27,-66.2,-76.34
2023-04-13 00:52:08,23.58,11.03,3.51,-60.35,-87.6
2022-11-13 15:52:08,24.75,9.35,17.05,-69.59,88.78
2023-01-13 08:52:08,17.63,15.64,19.21,-87.36,-42.72
2023-04-08 03:52:08,9.53,23.97,20.12,-88.83,119.56
2023-01-19 20:52:08,20.41,18.33,1.24,-56.51,103.88
2023-03-22 09:52:08,10.43,22.28,1.54,-53.01,79.22
2023-02-11 05:52:08,11.65,19.79,0.64,-55.16,-122.62
2023-09-12 17:52:08,18.34,7.23,24.46,-79.26,-151.4
2023-06-19 23:52:08,15.02,18.72,3.04,-50.04,40.46
2023-05-27 00:52:08,14.2,3.8,3.43,-74.89,24.76
2023-01-20 10:52:08,22.04,0.17,20.35,-64.45,-106.0
2022-12-03 09:52:08,16.35,0.78,21.29,-77.94,-175.58
2023-09-06 14:52:08,10.27,11.74,18.88,-75.39,98.15
2022-10-25 17:52:08,-0.86,10.75,11.36,-62.71,-173.43
2023-07-07 03:52:08,8.15,-0.97,21.68,-65.98,57.61
2023-02-15 06:52:08,13.4,18.96,12.32,-86.67,15.06
2023-05-16 06:52:08,3.5,1.0,8.26,-83.77,118.03
2023-01-19 01:52:08,23.05,1.81,0.2,-63.18,177.08
2022-11-17 05:52:08,19.91,24.75,11.72,-66.07,141.49
2023-01-15 22:52:08,24.94,6.19,19.54,-74.47,25.81
2022-12-26 02:52:08,11.29,1.2,5.39,-87.99,-171.53
2023-05-20 22:52:08,11.2,10.59,20.51,-58.52,-76.33
2023-04-30 16:52:08,22.02,12.97,16.28,-88.84,101.39
2023-02-14 18:52:08,18.11,14.62,17.85,-80.17,145.15
2022-10-31 10:52:08,16.37,13.22,14.2,-54.0,124.94
2023-01-26 08:52:08,4.4,6.85,2.47,-78.35,18.85
2022-12-01 23:52:08,3.65,10.42,5.9,-68.75,-14.52
2022-12-07 08:52:08,11.98,22.44,23.69,-75.5,27.73
2022-11-30 15:52:08,21.72,22.85,17.73,-75.01,-157.76
2023-09-14 00:52:08,12.64,21.12,19.33,-54.59,153.58
2023-07-23 21:52:08,2.67,17.16,3.74,-59.7,-40.6
2023-06-24 05:52:08,11.89,10.15,24.37,-67.61,133.66
2022-09-27 11:52:08,11.35,4.67,8.82,-53.25,100.41
2023-02-04 19:52:08,6.66,2.93,3.55,-57.91,150.66
2022-10-22 18:52:08,15.84,12.22,6.35,-71.28,119.07
2023-08-04 04:52:08,3.73,5.99,13.83,-88.64,162.82
2022-09-29 00:52:08,14.02,12.49,7.79,-85.08,126.57
2023-04-15 16:52:08,5.4,13.25,5.41,-70.9,98.69
2023-02-16 03:52:08,11.69,14.37,11.99,-75.27,-94.52
2023-06-06 06:52:08,9.4,21.16,5.13,-78.03,90.69
2023-08-21 18:52:08,12.89,1.7,4.9,-70.4,-100.59
2023-06-15 04:52:08,8.48,0.38,11.11,-69.69,-130.11
2022-12-13 11:52:08,13.02,17.68,12.18,-76.55,118.47
2022-10-23 16:52:08,-0.03,7.91,6.25,-68.11,-112.29
2023-08-22 04:52:08,20.0,-0.8,18.43,-59.45,-120.25
2023-08-29 12:52:08,-0.54,21.7,24.72,-78.89,21.5
2023-06-25 08:52:08,21.62,5.33,7.3,-51.33,-101.14
2023-03-21 04:52:08,16.75,0.82,5.11,-86.3,-73.86
2023-02-12 07:52:08,20.44,21.69,0.39,-71.34,5.59
2023-01-27 15:52:08,9.45,2.48,18.09,-77.67,-22.74
2023-04-30 01:52:08,2.47,20.57,11.1,-58.21,-90.86
2022-11-08 01:52:08,8.71,8.07,24.39,-83.83,-172.35
2023-04-12 19:52:08,17.82,15.66,0.22,-73.34,147.35
2022-11-20 13:52:08,2.69,1.25,11.59,-64.62,-65.0
2023-06-12 22:52:08,11.76,20.62,9.34,-52.19,-17.96
2022-10-15 04:52:08,15.54,0.52,11.02,-87.86,3.1
2022-11-04 09:52:08,22.67,19.67,2.22,-51.74,-9.74
2023-02-25 13:52:08,18.82,23.73,14.89,-74.91,-26.74
2023-07-31 08:52:08,10.01,5.94,18.7,-60.48,37.32
2023-01-12 06:52:08,6.65,17.96,13.05,-75.0,177.39
2023-06-14 03:52:08,-0.11,2.01,1.89,-56.34,8.05
2023-05-19 08:52:08,14.74,10.36,15.22,-84.79,-8.99
2023-01-25 22:52:08,1.78,9.53,16.37,-56.39,76.44
2023-03-22 14:52:08,18.76,17.15,11.17,-62.1,136.49
2023-07-06 11:52:08,10.81,1.15,14.9,-85.86,151.54
2022-10-21 17:52:08,17.51,24.81,-0.55,-59.63,11.3
2022-12-12 03:52:08,6.55,-0.6,23.64,-78.36,-76.19
2023-04-09 10:52:08,16.84,5.27,13.65,-74.91,-136.09
2022-12-01 00:52:08,9.12,22.96,20.54,-66.09,-119.09
2023-05-21 11:52:08,16.28,18.37,4.48,-67.73,-47.71
2023-04-03 23:52:08,9.49,10.26,0.28,-56.0,118.36
2022-12-07 13:52:08,13.31,14.35,10.04,-63.82,-131.22
2023-09-01 12:52:08,8.16,10.57,24.67,-74.51,-73.59
2022-09-28 15:52:08,19.5,24.42,10.24,-83.82,72.28
2023-03-27 07:52:08,15.41,9.72,3.33,-64.84,-100.73
2023-03-11 05:52:08,6.7,21.73,1.97,-89.28,161.35
2023-03-01 18:52:08,24.38,13.4,24.24,-68.04,-65.08
2023-01-05 02:52:08,23.96,5.67,2.66,-70.48,-144.81
2023-06-04 08:52:08,14.12,23.57,14.01,-72.02,9.59
2023-06-23 09:52:08,19.3,12.57,12.93,-59.3,80.42
2022-10-28 23:52:08,1.41,2.5,3.87,-54.52,36.84
2023-06-06 05:52:08,15.63,24.43,0.47,-78.14,-126.87
2023-01-23 06:52:08,7.98,21.8,14.83,-63.26,91.97
2023-02-17 07:52:08,3.88,23.92,7.53,-77.17,179.21
2023-05-01 19:52:08,1.79,0.27,13.72,-89.8,-7.6
2023-01-04 22:52:08,13.24,1.25,13.9,-62.42,-179.62
2022-11-15 16:52:08,3.89,1.83,23.97,-61.06,-11.68
2023-04-04 15:52:08,6.27,15.12,13.18,-67.59,135.1
2023-03-01 11:52:08,9.05,,20.58,-76.69,-63.35
2023-07-06 09:52:08,6.69,3.33,7.11,-79.45,-95.0
2023-03-28 02:52:08,24.39,20.07,13.56,-75.82,-142.74
2022-11-07 02:52:08,16.58,4.88,5.98,-61.18,85.21
2023-07-23 20:52:08,17.09,10.02,10.7,-80.87,-101.11
2023-06-01 02:52:08,17.99,19.75,1.92,-55.46,113.0
2023-03-07 21:52:08,13.85,11.25,1.29,-87.55,103.28
2023-09-04 20:52:08,2.28,10.25,20.44,-89.8,-26.29
2023-01-13 16:52:08,7.39,17.25,4.15,-80.49,-71.81
2023-06-17 10:52:08,23.03,20.71,15.39,-81.15,7.07
2023-05-15 13:52:08,14.15,24.11,23.23,-76.78,89.7
2023-02-21 23:52:08,2.32,17.97,5.14,-56.07,96.48
2023-06-15 07:52:08,4.79,2.62,11.76,-83.28,-40.51
2023-09-01 06:52:08,7.22,21.36,2.27,-58.62,154.63
2022-10-06 16:52:08,9.92,16.88,18.85,-59.36,135.31
2023-01-23 23:52:08,2.62,5.16,13.39,-83.47,-128.01
2023-07-02 15:52:08,15.21,18.24,13.73,-58.77,108.47
2022-09-22 03:52:08,23.61,18.89,0.59,-59.09,131.13
2023-02-23 17:52:08,3.24,2.3,6.65,-51.84,-29.25
2022-12-10 08:52:08,5.24,23.01,19.45,-65.47,179.15
2023-03-17 10:52:08,1.25,22.02,7.94,-69.14,19.69
2023-01-09 12:52:08,19.52,21.9,18.3,-56.81,-152.14
2023-07-20 04:52:08,11.0,23.01,6.79,-88.11,-114.58
2022-12-24 09:52:08,14.22,10.45,14.21,-73.79,53.9
2023-08-05 21:52:08,24.01,-0.39,6.55,-72.7,-78.64
2023-05-04 03:52:08,0.54,11.5,3.46,-73.56,-157.25
2023-01-01 05:52:08,24.25,21.6,1.62,-78.55,-67.2
2023-05-14 06:52:08,3.92,15.85,,-71.44,-170.94
2023-06-02 18:52:08,21.76,6.68,0.98,-66.83,-56.81
2022-10-16 14:52:08,21.46,6.85,0.74,-88.11,106.84
2022-12-05 03:52:08,24.08,24.83,20.54,-59.24,-60.76
2023-05-25 16:52:08,0.68,15.88,15.94,-70.01,-132.96
2023-05-17 23:52:08,21.69,10.76,23.83,-62.54,115.27
2023-04-18 01:52:08,14.04,20.38,9.94,-86.56,-23.65
2023-02-07 02:52:08,4.48,14.62,18.24,-50.98,66.64
2023-08-04 13:52:08,20.76,23.23,-0.82,-72.71,-134.78
2022-12-03 13:52:08,3.11,21.96,7.52,-57.48,33.53
2023-05-12 03:52:08,17.47,1.6,14.46,-82.11,124.48
2023-04-26 09:52:08,12.59,3.48,5.34,-81.04,-105.38
2023-07-30 05:52:08,24.28,3.32,7.63,-77.95,-100.95
2022-12-10 15:52:08,6.98,10.54,2.78,-62.27,-119.87
2023-01-04 23:52:08,20.62,1.65,14.94,-63.55,60.29
2023-02-18 12:52:08,13.77,8.25,22.37,-64.34,94.62
2023-09-02 03:52:08,4.48,14.47,24.89,-58.79,-144.24
2022-11-21 11:52:08,7.06,16.59,11.1,-71.25,67.4
2023-04-03 19:52:08,18.53,9.67,0.81,-59.1,-7.83
2023-04-25 21:52:08,16.07,7.95,5.39,-55.31,-23.55
2023-07-18 08:52:08,15.5,20.73,2.74,-64.22,48.21
2023-04-08 09:52:08,-0.07,12.04,8.76,-69.49,84.33
2022-12-08 04:52:08,5.26,22.72,9.27,-50.46,-91.33
2022-12-14 01:52:08,13.36,15.75,13.22,-73.23,-137.09
2023-04-24 10:52:08,3.34,1.7,6.28,-69.21,82.1
2023-05-29 17:52:08,0.24,1.94,1.75,-75.26,73.49
2023-08-23 21:52:08,18.27,0.8,8.49,-68.42,149.57
2022-09-27 00:52:08,2.74,1.4,2.28,-86.78,133.25
2023-05-10 05:52:08,19.23,6.5,0.76,-50.14,50.51
2023-03-18 04:52:08,21.98,4.55,6.25,-56.33,-22.64
2023-07-21 01:52:08,18.78,10.87,9.62,-72.94,-122.71
2022-10-05 12:52:08,4.36,13.15,15.28,-80.8,-0.38
2023-02-26 09:52:08,10.36,9.35,22.04,-72.37,23.42
2022-11-16 00:52:08,23.96,15.6,19.41,-54.9,29.49
2022-12-30 11:52:08,6.31,3.05,12.32,,-136.53
2023-05-27 05:52:08,21.18,-0.08,16.67,-89.08,63.46
2023-06-14 21:52:08,6.26,15.57,17.17,-56.52,-115.66
2022-12-19 07:52:08,23.19,18.22,8.25,-85.64,151.32
2023-05-11 19:52:08,-0.33,19.46,10.17,-74.46,
2023-04-12 09:52:08,16.85,1.38,3.23,-53.03,3.71
2023-05-17 17:52:08,0.9,5.84,7.83,-84.76,2.16
2023-03-06 09:52:08,7.13,12.96,21.16,-84.43,-135.49
2023-05-16 09:52:08,10.07,23.72,6.92,-74.93,119.78
2023-01-30 05:52:08,12.66,21.4,2.39,-59.3,-38.02
2022-12-27 08:52:08,21.81,3.7,13.37,-53.22,134.98
2022-12-27 09:52:08,8.07,18.13,8.49,-52.83,78.46
2023-06-15 15:52:08,15.19,6.71,8.57,-72.38,-128.09
2022-10-21 01:52:08,17.51,17.31,5.07,-70.88,19.13
2023-06-29 08:52:08,24.15,10.92,20.14,err,err
2023-01-17 18:52:08,1.93,8.38,12.75,-69.68,-61.03
2023-03-07 19:52:08,16.65,11.02,21.46,-88.42,-93.65
2023-05-28 00:52:08,3.36,7.21,14.56,-50.21,78.37
2022-12-08 18:52:08,20.83,23.38,11.29,-52.12,45.13
2023-04-16 15:52:08,19.81,10.87,13.69,-69.78,-107.55
2023-06-04 23:52:08,2.62,12.38,23.68,-82.95,131.45
2023-04-01 03:52:08,23.39,3.36,11.39,-82.17,-13.31
2023-06-09 08:52:08,8.73,17.55,20.76,-66.53,-106.98
2023-04-23 07:52:08,6.23,0.58,9.09,-84.72,40.32
2023-01-27 14:52:08,13.32,14.62,-0.91,-58.78,114.06
2023-03-13 17:52:08,11.45,1.38,16.59,-86.9,-120.16
2023-01-19 09:52:08,2.79,11.1,10.91,-59.25,-25.42
2023-04-03 11:52:08,16.37,20.21,1.37,-81.24,-145.56
2023-05-08 17:52:08,3.07,24.17,18.74,-89.34,26.79
2023-07-29 00:52:08,16.54,18.25,0.62,-65.31,-118.58
2022-09-22 01:52:08,13.29,2.27,-0.29,-56.74,34.49
2023-06-06 17:52:08,24.16,24.48,10.89,-88.24,-163.02
2022-11-05 00:52:08,15.87,9.27,2.49,-79.09,-46.63
2023-04-25 13:52:08,24.31,17.4,,,-128.73
2022-11-14 20:52:08,6.43,17.9,7.38,-84.3,33.66
2023-06-22 23:52:08,21.03,10.94,15.47,-56.12,70.84
2023-01-23 00:52:08,0.29,1.2,10.96,-59.49,165.75
2022-10-19 15:52:08,0.92,20.7,12.05,-72.63,-121.35
2022-10-05 16:52:08,16.62,21.02,24.91,-67.88,127.91
2023-05-16 01:52:08,12.91,-0.44,8.09,-55.56,-119.24
2022-11-19 06:52:08,3.79,2.13,14.22,-55.91,-95.87
2023-03-19 03:52:08,5.13,21.79,5.62,-79.14,118.78
2022-11-19 12:52:08,7.87,6.14,2.81,-59.35,-17.59
2023-08-10 23:52:08,6.45,10.51,17.21,-51.91,36.28
2023-06-11 13:52:08,20.91,3.07,19.45,-58.41,-168.65
2023-02-18 01:52:08,4.72,17.0,-0.84,-80.24,137.74
2023-02-23 21:52:08,15.5,23.22,8.64,-70.96,43.78
2023-06-05 15:52:08,8.43,20.98,4.32,-62.59,90.52
2023-01-18 05:52:08,19.65,4.15,7.33,-60.18,63.37
2022-11-07 21:52:08,24.88,12.94,24.87,-71.69,11.06
2023-09-04 11:52:08,-0.86,5.56,5.56,-86.96,-131.01
2022-10-04 00:52:08,21.34,6.94,5.61,-83.69,-75.34
2022-12-10 01:52:08,19.54,19.23,22.44,-68.99,-143.21
2022-12-03 05:52:08,0.05,16.92,20.92,-87.59,149.91
2023-05-31 09:52:08,18.39,11.3,13.66,-80.55,168.38
2023-02-28 01:52:08,18.63,7.65,13.89,-84.39,45.18
2023-04-24 09:52:08,14.73,14.79,17.28,-80.51,175.95
2023-06-02 00:52:08,14.33,17.1,5.72,-73.6,41.85
2022-12-24 16:52:08,20.1,13.64,10.27,-76.74,75.79
2023-05-16 18:52:08,15.54,17.76,22.49,-84.44,146.95
2023-05-27 23:52:08,14.5,-0.98,-0.69,-88.3,-73.02
2023-04-01 08:52:08,12.36,10.68,24.16,-80.87,-162.41
2022-10-10 19:52:08,7.78,9.67,6.2,-70.64,-132.69
2023-05-01 15:52:08,-0.92,18.77,9.69,-68.83,23.18
2022-12-25 14:52:08,16.91,20.8,20.36,-61.69,122.37
2023-01-26 17:52:08,23.29,10.36,15.1,-80.92,-1.53
2023-01-21 01:52:08,3.73,5.35,24.06,-78.28,41.11
2022-10-19 02:52:08,10.21,16.14,18.09,-50.8,147.09
2023-01-18 02:52:08,22.68,17.98,8.17,-83.72,-117.49
2023-06-01 18:52:08,20.85,22.02,14.69,-81.82,42.21
2023-09-15 18:52:08,3.25,5.19,10.69,-85.96,85.77
2023-03-25 07:52:08,20.44,19.96,8.05,-81.2,-79.92
2023-05-03 21:52:08,22.11,24.83,19.87,-70.01,163.38
2023-03-16 17:52:08,9.64,13.32,16.01,-82.88,-32.7
2022-12-31 02:52:08,1.84,20.19,13.04,-68.27,-33.82
2023-03-06 02:52:08,4.61,23.54,23.1,-61.36,-179.0
2023-08-23 14:52:08,21.87,7.45,24.35,-50.33,-80.49
2023-09-04 04:52:08,-0.6,19.87,22.24,-66.6,157.52
2023-08-08 07:52:08,3.99,19.05,14.5,-75.9,33.03
2023-05-28 10:52:08,9.5,23.4,5.35,-56.18,-177.55
2023-07-19 08:52:08,22.37,23.52,2.43,-66.35,144.17
2023-02-22 23:52:08,4.66,3.89,3.12,-51.33,-141.77
2023-01-10 13:52:08,6.3,14.48,1.54,-87.93,-72.19
2022-12-03 06:52:08,22.26,5.05,8.19,-54.08,15.08
2022-10-16 11:52:08,9.81,16.0,23.43,-55.95,22.17
2023-04-03 22:52:08,10.51,1.23,5.62,-64.42,-71.9
2022-09-26 00:52:08,6.55,12.64,2.45,-56.91,149.48
2022-11-25 12:52:08,22.68,15.1,18.36,-51.47,-75.85
2023-02-07 17:52:08,22.09,8.3,1.69,-83.09,98.27
2023-03-14 01:52:08,9.65,16.14,15.38,-84.83,-20.5
2023-04-17 16:52:08,19.06,23.01,2.38,-59.37,83.31
2023-05-20 05:52:08,6.31,13.02,14.83,-74.86,28.53
2023-06-03 20:52:08,14.96,3.91,0.75,-52.83,-122.65
2023-05-05 03:52:08,24.95,15.1,7.63,-77.83,-95.15
2023-07-16 03:52:08,18.88,7.22,9.5,-85.36,30.23
2023-06-21 03:52:08,1.86,11.47,16.0,-62.24,-177.18
2022-11-01 02:52:08,22.14,15.16,4.38,-84.75,-131.62
2023-09-01 15:52:08,16.15,18.36,4.34,-74.8,-69.21
2023-07-28 14:52:08,15.9,16.87,14.56,-67.48,-8.76
2023-03-02 09:52:08,9.77,18.04,19.71,-50.43,-22.82
2023-04-02 06:52:08,13.03,23.6,11.06,-59.21,-97.97
2023-02-24 23:52:08,16.04,9.34,12.59,-50.5,128.25
2023-04-15 21:52:08,14.34,2.62,6.42,-87.86,175.16
2023-08-16 18:52:08,23.86,9.38,4.28,-53.24,150.15
2023-01-07 23:52:08,16.15,2.81,4.34,-71.36,-4.82
2023-04-08 02:52:08,6.73,11.2,9.87,-76.86,65.28
2023-09-17 23:52:08,14.83,18.95,12.61,-66.03,90.15
2022-09-25 20:52:08,2.39,9.06,3.88,-62.03,34.45
2022-12-23 16:52:08,12.72,23.28,18.27,-83.84,-106.01
2023-07-14 03:52:08,9.7,3.66,10.85,-70.44,110.2
2023-05-08 00:52:08,14.58,6.89,-0.0,-70.36,-36.47
2023-09-11 04:52:08,17.85,22.38,15.7,-76.66,115.0
2023-08-07 10:52:08,11.23,3.65,5.44,-81.11,7.18
2022-11-30 18:52:08,1.15,14.26,13.03,-69.11,-61.89
2023-04-26 16:52:08,19.95,15.66,10.72,-56.9,-39.98
2023-01-09 11:52:08,14.27,6.33,18.89,-64.95,-13.05
2023-02-01 11:52:08,2.69,10.43,6.55,-55.4,-101.69
2023-01-17 00:52:08,16.83,16.99,4.67,-79.48,-150.21
2022-11-18 18:52:08,21.06,0.44,22.44,-51.09,74.3
2023-07-09 03:52:08,22.87,1.55,24.36,-71.95,-118.18
2022-09-25 05:52:08,12.71,-0.93,6.83,-78.6,91.77
2023-03-07 13:52:08,8.7,10.72,16.48,-83.71,-86.19
2023-03-31 11:52:08,17.83,14.44,23.45,-85.4,97.9
2023-05-14 14:52:08,6.55,-0.73,15.18,-66.79,-153.78
2023-01-27 05:52:08,2.18,11.25,23.32,-80.8,-144.38
2023-06-30 13:52:08,4.92,15.31,18.27,-60.3,-149.26
2022-10-09 13:52:08,3.99,6.32,0.51,-66.89,120.82
2022-10-13 16:52:08,20.41,22.79,14.2,-57.12,-63.51
2023-01-18 00:52:08,22.91,0.13,5.08,-73.68,102.33
2023-04-16 01:52:08,7.08,2.23,22.79,-66.48,-165.82
2023-02-26 14:52:08,20.99,1.11,20.75,-87.39,114.24
2023-07-14 16:52:08,4.64,23.34,1.89,-84.59,167.18
2023-07-29 08:52:08,13.18,23.09,22.74,-80.69,-95.76
2023-05-23 03:52:08,23.18,-0.56,22.74,-68.01,168.59
2023-02-16 09:52:08,0.74,15.01,-0.29,-70.19,111.13
2022-11-10 10:52:08,7.26,8.44,16.45,-87.91,160.29
2023-06-08 15:52:08,12.57,1.83,20.13,-75.83,77.96
2023-05-19 10:52:08,24.5,5.44,24.33,-66.82,-61.64
2023-06-03 10:52:08,15.4,15.15,11.25,-78.19,105.45
2023-09-05 01:52:08,8.56,18.52,23.14,-68.8,-3.66
2023-04-16 05:52:08,22.82,19.92,10.8,-69.3,56.94
2023-06-16 02:52:08,19.4,-0.91,18.6,-57.88,155.68
2022-11-08 22:52:08,2.2,7.94,13.4,-67.52,-153.49
2023-09-16 17:52:08,0.8,12.34,6.76,-76.04,39.48
2023-05-01 05:52:08,18.78,21.42,-0.76,-79.56,96.1
2023-02-02 12:52:08,19.67,6.12,21.31,-54.58,-178.83
2022-12-17 10:52:08,11.88,8.91,8.89,-66.12,-162.47
2022-10-02 20:52:08,6.41,2.12,0.96,-55.19,-75.79
2022-11-08 01:52:08,1.05,17.17,24.39,-85.87,70.64
2023-01-31 22:52:08,11.71,7.35,-0.54,-83.89,-175.94
2023-04-08 19:52:08,13.25,19.52,6.2,-56.75,-154.28
2023-03-30 17:52:08,5.98,12.81,15.21,-67.02,-84.82
2023-03-03 04:52:08,23.84,4.83,20.07,-78.81,95.99
2023-05-05 21:52:08,12.58,15.04,16.51,-70.86,-71.65
2023-02-05 05:52:08,9.74,6.81,2.63,-56.05,81.43
2022-11-18 10:52:08,17.38,14.52,12.26,-51.87,169.78
2023-07-30 17:52:08,16.65,14.03,2.74,-86.12,-48.66
2022-12-13 06:52:08,2.3,9.18,5.38,-56.39,131.99
2022-12-21 11:52:08,16.83,9.44,5.23,-54.29,123.3
2023-09-11 13:52:08,21.74,24.96,21.53,-64.78,-83.64
2023-05-05 20:52:08,15.28,8.66,16.97,-80.04,6.23
2023-04-12 12:52:08,15.33,13.1,4.9,-82.74,-29.23
2023-04-13 21:52:08,5.86,16.01,12.44,-83.73,-42.92
2023-04-08 01:52:08,0.94,-0.11,13.25,-74.15,59.79
2023-05-07 17:52:08,14.94,2.51,12.79,-82.36,41.82
2023-06-01 17:52:08,16.81,23.2,5.54,-75.26,-173.62
2022-11-06 07:52:08,24.2,10.44,15.29,-58.36,-77.09
2022-12-01 03:52:08,3.88,19.24,2.7,-88.41,-170.0
2023-08-01 18:52:08,16.0,6.42,8.77,-67.51,-22.49
2023-05-05 01:52:08,16.13,18.09,23.4,-86.2,-163.55
2023-06-20 13:52:08,17.36,21.68,10.0,-62.21,-145.07
2023-06-18 02:52:08,17.92,0.96,15.03,-67.03,169.41
2022-10-02 11:52:08,9.93,6.85,6.92,-66.84,-171.38
2023-02-20 21:52:08,18.95,18.78,12.76,-50.41,-119.04
2022-11-08 23:52:08,21.77,12.21,7.35,-50.12,164.22
2022-12-19 15:52:08,10.08,19.63,7.3,-52.67,119.56
2023-05-06 03:52:08,21.28,20.59,23.5,-54.94,-91.22
2023-02-04 02:52:08,14.72,6.85,5.77,-69.72,-138.3
2023-07-17 09:52:08,18.51,21.35,17.67,-87.27,55.76
2023-08-21 09:52:08,4.93,3.77,2.97,-89.51,132.11
2023-06-02 16:52:08,6.67,16.58,5.85,-51.88,-157.56
2023-08-10 08:52:08,8.78,24.98,3.75,-64.58,43.29
2023-09-04 15:52:08,10.72,11.66,-0.42,-74.38,145.1
2023-09-09 22:52:08,14.95,24.29,18.68,-52.49,65.48
2022-10-15 08:52:08,20.24,11.24,6.89,-62.64,-175.87
2022-11-20 02:52:08,9.5,23.62,8.2,-70.29,-112.12
2023-05-11 02:52:08,18.73,18.02,14.82,-60.68,18.96
2022-11-12 03:52:08,5.76,9.74,21.27,-67.65,140.73
2023-05-16 13:52:08,13.26,9.22,7.82,-58.59,4.17
2023-06-23 11:52:08,8.82,1.64,9.49,-88.42,-150.55
2023-05-27 17:52:08,17.64,6.82,24.92,-61.19,-113.15
2023-09-11 11:52:08,8.42,19.1,10.13,-84.88,-15.85
2022-09-23 19:52:08,23.29,9.03,19.06,-76.72,82.95
2023-04-10 23:52:08,17.58,16.45,10.6,-51.48,66.48
2022-11-16 17:52:08,17.32,-0.18,21.14,-82.36,-30.42
2022-09-22 12:52:08,-0.9,17.65,20.56,-80.28,43.94
2023-08-30 02:52:08,12.3,20.18,21.36,-65.22,-70.41
2023-07-10 21:52:08,23.93,24.94,10.66,-61.8,-35.39
2023-06-22 06:52:08,8.51,12.38,5.43,-85.0,-151.01
2022-11-11 09:52:08,11.27,12.09,15.86,-76.98,103.6
2023-06-01 04:52:08,10.1,19.44,12.96,-63.99,149.83
2023-03-25 20:52:08,21.58,10.06,6.39,-70.1,-178.9
2022-10-30 21:52:08,3.97,6.12,4.53,-71.42,-22.25
2023-01-01 19:52:08,17.23,13.48,12.95,-80.75,-122.59
2023-03-20 02:52:08,2.73,7.59,3.69,-74.26,163.48
2022-10-26 21:52:08,6.36,13.08,13.69,-50.64,4.36
2023-02-15 03:52:08,24.18,24.08,3.55,-84.48,6.95
2023-08-05 05:52:08,9.14,2.01,0.64,-69.01,-159.07
2023-01-29 02:52:08,21.37,7.23,12.68,-79.27,-163.29
2023-09-15 00:52:08,15.61,17.17,17.51,-77.43,-150.84
2023-08-08 19:52:08,24.48,13.97,11.21,-75.77,-11.51
2022-10-31 23:52:08,14.57,20.51,19.92,-62.52,101.04
2023-03-05 09:52:08,13.54,13.96,2.86,-80.56,37.37
2022-12-28 03:52:08,4.69,8.52,22.48,-68.64,95.52
2023-06-23 15:52:08,-0.25,4.69,16.29,-62.87,105.25
2022-12-31 09:52:08,2.15,0.13,10.03,-62.97,91.73
2022-10-08 09:52:08,19.38,22.13,15.7,-72.98,-91.82
2023-01-25 07:52:08,14.52,2.86,18.67,-51.31,130.21
2023-04-13 17:52:08,2.7,22.64,4.8,-52.61,-45.19
2023-04-24 03:52:08,5.87,13.01,2.16,-60.34,-50.23
2023-02-25 16:52:08,16.22,17.52,19.74,-60.78,14.67
2023-07-06 11:52:08,21.66,5.51,19.5,-86.01,112.8
2023-01-26 00:52:08,5.49,4.12,12.25,-61.28,-115.49
2023-08-30 05:52:08,5.81,14.31,17.74,-50.79,11.81
2023-07-25 01:52:08,7.33,7.54,24.22,-84.0,-57.86
2022-09-26 09:52:08,6.71,3.57,6.06,-52.31,-113.64
2023-08-06 18:52:08,13.38,-0.26,10.07,-78.15,-88.37
2023-07-13 11:52:08,16.75,9.75,7.97,-84.56,30.73
2023-02-02 15:52:08,13.82,7.02,3.96,-59.13,24.37
2022-09-22 15:52:08,11.79,22.65,17.92,-81.51,58.22
2023-03-21 13:52:08,20.51,9.07,15.71,-52.75,44.97
2023-04-15 10:52:08,6.13,0.93,15.45,-76.04,-47.7
2023-09-01 06:52:08,20.06,11.42,13.46,-62.33,-101.39
2023-02-08 14:52:08,7.49,12.18,-0.6,-60.96,-35.54
2023-07-03 18:52:08,2.81,13.08,12.42,-57.03,-74.0
2023-03-19 19:52:08,17.41,21.56,10.5,-81.15,-140.41
2023-08-24 08:52:08,14.77,23.93,18.9,-72.17,154.44
2023-07-18 01:52:08,4.74,21.34,5.92,-89.98,-29.78
2023-08-14 22:52:08,18.26,21.02,0.41,-71.22,99.69
2022-12-23 18:52:08,19.37,5.84,10.84,-54.59,24.29
2022-10-22 18:52:08,3.99,18.65,8.11,-64.46,156.87
2022-11-17 09:52:08,21.0,23.63,9.56,-82.62,-21.47
2023-08-10 23:52:08,15.42,6.7,13.02,-71.84,135.94
2022-12-21 08:52:08,5.23,14.83,1.41,-54.56,-130.13
2023-03-21 09:52:08,2.78,9.27,1.18,-74.55,-140.26
2023-02-06 15:52:08,14.68,8.39,11.21,-56.74,111.1
2022-12-16 23:52:08,24.86,8.46,23.86,-59.09,174.36
2023-07-22 15:52:08,11.4,21.75,1.23,-78.16,-86.6
2023-06-13 06:52:08,21.92,17.56,17.52,-59.04,-130.81
2023-04-20 20:52:08,7.0,19.38,13.15,-77.57,-15.26
2022-12-15 12:52:08,3.91,10.5,22.29,-81.58,42.57
2022-12-29 22:52:08,5.2,3.86,16.61,-56.02,-56.62
2023-01-01 07:52:08,1.14,1.83,7.75,-67.95,111.02
2023-01-16 22:52:08,9.53,13.96,2.74,-54.66,176.46
2023-08-24 09:52:08,2.59,22.59,22.9,-57.48,-166.04
2023-07-05 18:52:08,23.61,9.13,-0.85,-70.77,-36.33
2023-08-12 23:52:08,21.03,16.13,-0.72,-72.97,-4.56
2023-07-05 08:52:08,13.85,0.05,24.26,-66.48,-129.71
2022-12-29 02:52:08,-0.95,21.54,8.32,-83.1,-78.3
2022-09-24 08:52:08,6.14,19.26,22.42,-57.39,-1.09
2023-05-19 09:52:08,15.73,2.26,14.5,-67.41,7.06
2023-09-17 00:52:08,24.94,10.44,16.99,-77.53,119.19
2023-06-16 22:52:08,0.87,23.65,22.79,-57.15,-84.69
2023-06-10 17:52:08,3.89,7.5,17.0,-76.44,91.04
2023-07-26 22:52:08,21.89,7.61,0.9,-52.4,-40.06
2022-12-09 06:52:08,5.62,23.4,24.02,-89.13,75.98
2022-11-13 23:52:08,-0.62,23.58,9.55,-66.93,-105.34
2023-06-14 12:52:08,20.85,1.11,-0.24,-81.25,116.62
2023-04-07 21:52:08,1.65,22.79,5.0,-51.52,81.88
2022-09-19 08:52:08,17.99,7.72,19.0,-55.65,101.0
2023-05-09 04:52:08,19.72,-0.14,5.78,-80.02,-121.93
2023-01-22 12:52:08,8.16,11.51,17.06,-76.33,114.55
2022-12-12 05:52:08,9.35,15.14,1.77,-51.59,146.54
2023-01-18 09:52:08,12.34,9.26,16.21,-72.53,25.7
2022-12-19 04:52:08,17.57,22.29,24.13,-60.24,72.9
2022-11-29 20:52:08,-0.21,22.77,3.0,-63.62,68.41
2023-09-11 16:52:08,22.07,5.94,1.41,-73.34,162.87
2022-12-04 16:52:08,9.17,12.52,7.12,-64.81,-162.63
2022-10-19 07:52:08,-0.81,17.29,1.36,-82.2,-108.07
2023-08-26 18:52:08,-0.58,13.84,23.41,-54.26,-82.7
2022-11-05 21:52:08,20.62,4.27,5.49,-70.33,-143.04
2023-04-09 03:52:08,23.79,20.2,21.06,-80.5,38.46
2023-05-04 00:52:08,23.93,24.12,23.09,-69.2,11.31
2023-02-26 13:52:08,14.6,22.96,13.09,-79.48,148.06
2022-10-31 23:52:08,6.5,23.08,15.9,-82.59,117.65
2023-07-11 15:52:08,13.83,1.23,1.52,-60.9,45.21
2023-01-21 09:52:08,0.62,23.21,11.48,-55.89,-124.9
2023-04-03 17:52:08,21.9,6.17,-0.35,-58.79,-28.76
2023-03-23 21:52:08,14.11,9.52,10.96,-54.43,23.76
2023-05-27 07:52:08,19.34,12.01,1.65,-56.55,0.37
2023-09-18 07:52:08,24.05,19.32,9.88,-81.83,88.21
2022-12-01 17:52:08,15.46,6.22,22.2,-80.33,-34.64
2023-08-24 20:52:08,4.62,8.92,9.17,-80.01,167.89
2023-01-17 11:52:08,0.97,1.1,12.6,-56.89,81.33
2023-02-08 20:52:08,24.89,9.8,12.72,-52.95,-2.12
2023-07-03 21:52:08,2.01,4.84,18.94,-66.74,-47.08
2022-11-04 06:52:08,8.74,12.73,7.62,-89.0,164.56
2022-09-24 22:52:08,15.57,14.93,0.22,-76.53,91.82
2022-09-17 21:52:08,24.33,5.83,0.11,-56.15,-110.01
2023-08-30 01:52:08,15.07,-0.52,24.75,-76.04,-177.87
2023-03-21 08:52:08,2.12,7.21,12.71,-62.02,-42.0
2023-02-14 18:52:08,4.42,3.31,10.48,-69.09,-12.47
2023-08-10 06:52:08,7.79,8.97,4.25,-69.67,90.02
2022-12-13 16:52:08,0.4,5.78,13.01,-60.84,-59.49
2023-03-14 11:52:08,8.5,16.1,6.66,-81.99,107.03
2023-05-17 23:52:08,22.4,21.55,0.1,-77.45,-60.38
2023-05-20 06:52:08,16.64,19.01,13.84,-79.36,64.43
2023-05-23 00:52:08,1.56,19.12,1.86,-74.02,164.38
2023-07-08 02:52:08,7.7,11.28,24.3,-83.45,8.0
2023-06-12 15:52:08,21.39,16.04,12.41,-51.9,4.28
2022-10-29 23:52:08,20.35,2.9,17.84,-57.1,155.32
2022-10-01 06:52:08,18.26,13.17,21.04,-61.27,-16.53
2023-05-30 20:52:08,12.13,8.75,-1.0,-87.19,-145.28
2022-10-19 10:52:08,11.29,0.02,13.64,-86.3,142.49
2023-05-10 01:52:08,18.07,8.53,6.7,-85.41,-20.2
2022-09-28 09:52:08,21.21,17.83,14.45,-70.44,36.14
2023-07-29 14:52:08,11.37,-0.72,18.92,-72.25,153.84
2023-02-13 05:52:08,17.89,9.18,6.68,-61.01,-160.06
2022-09-25 21:52:08,4.96,15.77,16.28,-54.5,-88.7
2023-02-08 22:52:08,17.19,20.16,15.51,-62.15,9.82
2022-11-26 21:52:08,0.3,3.85,13.44,-78.36,41.56
2022-12-01 10:52:08,17.61,10.71,12.09,-55.23,132.69
2022-10-20 10:52:08,22.61,5.84,23.76,-80.95,69.23
2023-01-30 06:52:08,12.51,24.5,5.55,-56.17,-152.22
2023-07-31 18:52:08,0.31,4.67,6.14,-86.56,40.38
2022-12-23 03:52:08,20.14,3.98,7.95,-66.38,34.64
2022-12-11 05:52:08,6.41,4.17,10.41,-83.29,73.17
2023-09-15 15:52:08,0.21,14.75,6.57,-81.58,136.75
2023-07-02 14:52:08,1.83,15.7,4.49,-83.74,130.8
2023-08-05 18:52:08,17.62,18.87,7.51,-78.08,-27.47
2023-01-04 07:52:08,7.26,15.58,14.0,-70.91,-51.94
2023-06-16 14:52:08,7.81,22.41,15.73,-86.92,-29.3
2022-10-27 12:52:08,23.8,10.17,20.04,-79.52,-151.01
2023-03-23 11:52:08,19.25,21.85,10.3,-74.43,14.19
2023-01-10 16:52:08,-0.45,7.67,15.63,-88.58,-135.18
2022-12-17 14:52:08,13.62,7.97,13.42,-83.79,124.94
2022-11-05 07:52:08,-0.73,9.76,23.62,-87.94,-151.88
2022-10-22 00:52:08,5.13,21.71,1.61,-73.58,10.34
2022-12-11 03:52:08,-0.59,20.17,17.0,-60.37,-168.11
2022-10-13 18:52:08,6.51,20.77,2.92,-72.73,114.34
2023-01-19 02:52:08,0.69,5.71,1.91,-52.87,-88.99
2023-02-09 06:52:08,17.83,19.6,11.66,-86.54,-20.45
2023-02-21 21:52:08,8.0,6.53,13.96,-73.18,59.12
2023-01-29 11:52:08,4.71,10.75,4.01,-64.81,-143.95
2022-10-06 09:52:08,9.27,7.52,11.88,-72.03,50.92
2022-11-07 06:52:08,4.17,13.72,10.6,-59.92,126.94
2022-11-25 03:52:08,1.54,5.13,9.57,-53.66,-34.6
2023-02-28 21:52:08,20.39,8.74,12.35,-52.18,-150.97
2022-09-17 15:52:08,6.5,12.1,21.77,-69.59,-61.77
2023-03-29 04:52:08,13.63,13.25,13.71,-70.9,-40.2
2022-09-27 21:52:08,0.85,12.4,2.09,-63.89,18.36
2022-11-07 16:52:08,1.07,11.45,6.4,-88.71,-150.6
2023-07-01 16:52:08,3.93,-0.33,7.39,-57.76,-117.14
2023-02-26 11:52:08,0.19,10.35,10.47,-83.28,89.2
2023-02-05 23:52:08,1.25,18.59,1.8,-84.15,64.44
2023-03-24 04:52:08,24.28,9.26,10.47,-73.11,101.95
2023-01-14 03:52:08,21.68,11.2,-0.81,-63.59,115.0
2023-05-06 05:52:08,18.59,7.36,9.5,-58.91,-2.65
2023-05-03 11:52:08,17.72,9.67,20.18,-75.41,20.03
2023-03-26 05:52:08,15.12,18.06,11.12,-77.84,127.21
2023-05-07 20:52:08,2.08,2.17,21.83,-65.47,-11.74
2023-05-23 19:52:08,24.26,19.99,0.37,-50.62,-83.75
2023-04-28 08:52:08,10.94,5.52,5.11,-89.15,149.43
2023-03-03 23:52:08,13.24,7.17,6.98,-84.28,-101.64
2023-09-12 22:52:08,14.64,9.77,16.82,-87.25,174.63
2023-04-27 16:52:08,12.76,15.97,6.78,-61.53,-125.2
2023-05-20 15:52:08,20.08,9.94,13.61,-66.03,159.21
2022-11-23 23:52:08,24.6,24.7,16.99,-56.28,-147.77
2022-12-23 17:52:08,12.78,0.25,17.44,-60.98,-84.4
2023-08-09 14:52:08,12.36,6.89,1.66,-79.66,-51.07
2022-11-07 17:52:08,3.6,13.67,4.69,-72.66,-127.48
2023-01-11 15:52:08,7.74,16.1,6.52,-85.9,-69.57
2023-04-18 18:52:08,4.43,16.04,11.45,-81.77,-166.06
2023-05-16 19:52:08,7.42,13.49,5.01,-55.44,-0.17
2023-08-02 11:52:08,23.91,24.81,3.21,-89.57,-131.35
2023-04-13 19:52:08,20.7,18.17,0.69,-60.17,-35.88
2022-12-21 17:52:08,19.56,0.65,19.97,-76.46,-160.92
2022-11-02 04:52:08,6.6,11.84,20.58,-51.02,-31.41
2023-07-18 13:52:08,2.46,3.71,7.27,-62.68,-141.72
2023-05-25 07:52:08,0.95,19.86,6.22,-85.42,-112.35
2022-12-31 02:52:08,12.59,5.57,9.27,-74.94,105.5
2023-04-05 07:52:08,19.31,7.24,24.51,-66.46,-47.02
2022-12-07 07:52:08,4.93,15.08,14.0,-57.39,143.72
2023-03-12 05:52:08,19.77,16.81,20.99,-63.04,-104.79
2022-12-01 10:52:08,7.16,6.58,10.21,-55.82,-17.56
2023-09-14 19:52:08,11.68,5.8,22.54,-85.41,167.53
2023-04-01 07:52:08,2.84,11.2,1.43,-53.95,-23.42
2022-11-18 08:52:08,19.09,19.38,15.51,-74.63,-114.22
2022-11-14 02:52:08,6.2,23.01,21.43,-58.05,63.54
2022-12-11 13:52:08,13.84,9.43,14.57,-71.16,-34.93
2022-12-16 09:52:08,8.26,0.3,9.49,-57.35,59.45
2022-12-01 05:52:08,2.22,22.79,4.99,-72.1,75.37
2023-04-25 11:52:08,11.86,19.71,8.89,-68.23,-129.84
2023-05-10 09:52:08,18.26,13.68,5.05,-62.02,-28.54
2023-01-10 03:52:08,19.68,9.91,-0.61,-68.74,51.98
2022-12-09 01:52:08,19.43,9.36,4.95,-74.51,142.48
2023-01-25 10:52:08,17.4,5.99,15.79,-85.24,57.28
2023-04-03 12:52:08,17.5,14.47,19.6,-65.13,-137.05
2023-06-26 03:52:08,9.81,13.03,2.49,-71.68,-127.51
2023-02-20 23:52:08,6.89,24.93,11.46,-63.98,167.47
2023-06-26 20:52:08,0.49,2.81,4.05,-54.44,-81.98
2022-11-18 12:52:08,17.9,20.6,5.45,-52.09,-47.84
2023-01-21 14:52:08,4.06,9.7,23.45,-63.88,49.56
2023-08-21 23:52:08,9.61,16.48,11.02,-64.15,144.73
2023-01-13 00:52:08,-0.63,4.02,24.9,-52.42,75.75
2023-09-08 22:52:08,12.94,2.51,18.91,-76.57,-165.15
2023-06-15 22:52:08,24.06,21.22,6.66,-56.64,-71.61
2022-09-24 22:52:08,17.67,16.58,13.68,-78.02,-58.46
2023-04-07 04:52:08,11.43,17.94,24.72,-82.36,-148.21
2023-03-16 05:52:08,24.39,9.84,0.81,-62.94,27.88
2022-10-28 22:52:08,1.65,7.24,14.65,-86.28,-109.84
2022-11-17 08:52:08,10.45,4.54,0.41,-88.59,67.39
2022-12-14 06:52:08,3.27,0.9,6.14,-50.53,68.37
2023-01-23 22:52:08,9.22,24.45,9.16,-61.83,-110.69
2023-01-08 07:52:08,19.64,22.22,4.35,-79.11,156.74
2023-01-17 14:52:08,17.92,8.95,-0.59,-68.12,-146.22
2023-08-06 11:52:08,5.44,17.74,19.39,-80.86,137.62
2022-10-01 05:52:08,13.83,13.03,-0.13,-89.5,-106.63
2023-08-22 11:52:08,7.51,19.2,11.43,-50.67,148.45
2023-08-31 06:52:08,15.49,13.07,17.77,-88.35,119.42
2023-03-22 23:52:08,10.78,18.94,-0.13,-79.86,11.54
2023-06-11 17:52:08,0.91,22.63,3.25,-77.03,-15.91
2023-02-02 01:52:08,16.94,1.98,7.76,-77.38,-179.72
2022-12-13 20:52:08,19.44,9.4,5.15,-50.69,-56.3
2022-09-29 17:52:08,24.9,12.07,12.74,-75.78,-33.2
2023-04-14 12:52:08,6.92,20.51,10.01,-80.95,65.43
2022-09-23 11:52:08,15.13,21.92,19.09,-89.39,-62.0
2023-03-16 01:52:08,18.0,13.28,19.77,-72.66,145.13
2023-06-11 17:52:08,21.78,5.73,22.45,-67.63,50.88
2023-02-05 03:52:08,5.53,10.85,9.49,-70.3,-104.35
2023-09-12 23:52:08,8.46,7.64,-0.34,-55.98,130.15
2023-01-04 08:52:08,23.67,7.23,22.03,-62.74,107.06
2023-05-20 16:52:08,14.1,8.11,10.38,-67.75,-151.74
2022-11-28 15:52:08,13.15,6.47,-0.85,-60.78,172.67
2022-10-08 12:52:08,9.31,14.11,4.06,-58.38,-127.81
2023-07-30 06:52:08,20.63,23.99,6.05,-76.08,-87.02
2023-06-01 16:52:08,9.22,12.9,4.89,-86.59,-106.3
2023-09-17 00:52:08,22.5,23.03,2.62,-85.18,-4.87
2023-04-19 22:52:08,11.99,7.45,13.01,-76.88,-16.61
2023-01-28 08:52:08,-0.28,2.53,21.97,-75.51,132.23
2023-08-18 13:52:08,7.37,8.82,24.05,-59.74,33.64
2022-10-27 04:52:08,18.64,21.45,25.0,-50.75,-154.82
2022-10-21 04:52:08,19.15,23.78,17.53,-78.84,-123.37
2023-01-14 12:52:08,1.4,15.33,0.49,-51.15,29.47
2023-05-19 01:52:08,1.89,23.65,24.33,-63.9,26.55
2023-01-25 11:52:08,7.87,1.01,19.85,-71.31,-69.96
2023-08-27 23:52:08,6.32,9.1,24.69,-67.87,141.07
2023-04-10 23:52:08,8.11,11.18,11.98,-56.0,-4.75
2022-10-02 05:52:08,16.1,16.39,5.45,-89.41,25.07
2023-03-04 09:52:08,17.35,8.65,17.66,-51.62,-15.3
2023-02-10 15:52:08,16.11,22.55,11.57,-56.94,135.44
2023-07-19 00:52:08,10.0,3.01,5.91,-78.29,67.56
2023-05-02 14:52:08,19.56,6.14,14.31,-79.54,14.75
2022-10-21 05:52:08,19.06,13.22,18.0,-59.47,103.6
2023-06-10 16:52:08,9.26,3.65,16.95,-63.26,20.86
2023-02-15 18:52:08,12.21,19.08,9.54,-73.11,-1.86
2023-03-04 21:52:08,23.73,17.85,17.75,-68.01,74.13
2023-01-24 01:52:08,5.53,22.77,3.89,-60.59,-173.42
2023-09-09 15:52:08,13.34,11.05,15.96,-53.97,-16.84
2023-07-15 15:52:08,23.49,23.31,4.25,-85.51,68.78
2023-05-02 16:52:08,4.73,12.97,10.04,-88.9,45.1
2022-11-21 06:52:08,3.74,9.18,19.75,-53.39,-2.2
2023-08-24 21:52:08,0.34,17.99,21.15,-54.8,-28.61
2022-11-01 04:52:08,18.86,23.05,2.95,-85.25,55.59
2023-04-16 07:52:08,12.71,22.02,16.37,-78.74,4.1
2023-03-27 02:52:08,6.97,5.95,23.88,-72.9,138.77
2023-06-27 09:52:08,9.08,0.76,1.58,-57.63,51.16
2023-02-11 14:52:08,22.93,0.3,0.93,-67.13,139.16
2023-01-28 06:52:08,1.86,7.24,1.05,-61.8,-22.52
2022-11-20 13:52:08,18.19,2.72,13.45,-85.56,-11.88
2022-10-18 10:52:08,22.39,16.33,16.94,-52.1,143.85
2023-08-12 07:52:08,9.82,6.64,20.2,-87.09,116.01
2023-04-19 19:52:08,12.63,8.42,6.83,-78.06,116.97
2023-07-19 19:52:08,17.79,16.94,22.98,-72.05,125.31
2022-09-25 11:52:08,23.2,10.2,23.92,-65.48,-88.5
2023-08-01 14:52:08,14.84,4.24,4.02,-61.8,142.44
2023-08-18 02:52:08,10.23,8.19,22.14,-80.81,68.72
2023-03-26 01:52:08,21.14,13.63,20.73,-89.7,78.36
2023-02-07 19:52:08,19.14,2.18,19.16,-89.84,-19.19
2022-11-19 13:52:08,22.0,12.93,-0.56,-60.01,-12.13
2022-09-28 03:52:08,23.18,4.36,8.29,-56.34,96.57
2022-09-22 02:52:08,1.04,11.72,22.57,-70.98,-113.4
2023-02-06 18:52:08,5.53,4.41,8.97,-81.21,0.53
2023-07-04 02:52:08,0.33,17.67,23.16,-66.72,137.26
2023-01-10 03:52:08,5.03,19.51,4.13,-64.41,116.58
2023-04-04 12:52:08,6.74,24.84,17.1,-72.84,68.34
2023-04-04 23:52:08,4.64,14.15,13.77,-69.69,171.46
2022-12-28 02:52:08,22.42,2.39,2.4,-63.67,47.62
2023-08-15 05:52:08,24.46,2.08,20.82,-78.57,177.09
2022-12-30 03:52:08,8.75,0.76,13.67,-75.1,7.16
2023-07-29 21:52:08,4.63,21.93,8.63,-53.06,83.76
2023-08-10 13:52:08,1.7,14.57,14.84,-85.09,34.4
2022-12-12 22:52:08,12.14,6.61,12.26,-73.37,-34.31
2023-01-01 00:52:08,24.16,3.51,2.26,-87.24,73.2
2023-01-04 23:52:08,17.62,4.51,23.64,-66.44,107.19
2023-05-31 22:52:08,18.83,-0.67,19.5,-67.85,-4.18
2023-01-29 10:52:08,21.99,2.2,7.4,-87.5,-170.55
2022-12-04 23:52:08,-0.21,4.01,17.59,-83.35,112.91
2023-07-18 16:52:08,14.9,23.99,5.89,-75.64,-19.77
2022-10-14 13:52:08,20.5,15.33,0.7,-61.29,119.42
2023-08-21 16:52:08,5.65,18.87,9.24,-87.46,-90.06
2023-02-15 05:52:08,20.88,4.08,12.2,-62.36,-161.43
2023-02-07 15:52:08,20.26,22.68,13.28,-79.27,-123.42
2022-10-13 15:52:08,13.57,14.64,6.87,-57.76,58.35
2023-06-28 19:52:08,19.46,7.68,4.49,-83.22,-160.67
2022-11-20 18:52:08,13.76,0.55,10.44,-69.25,43.33
2023-08-16 06:52:08,24.96,4.13,4.59,-56.17,27.62
2023-07-30 01:52:08,3.58,12.17,2.19,-87.1,-136.56
2023-04-27 04:52:08,1.0,2.72,1.64,-71.95,142.18
2023-05-19 01:52:08,15.49,22.24,5.49,-74.08,129.3
2023-01-02 13:52:08,21.86,22.24,16.29,-82.47,136.06
2023-03-10 19:52:08,0.47,-0.25,22.98,-76.68,176.17
2023-02-27 06:52:08,6.47,10.52,5.14,-86.54,151.21
2023-02-09 20:52:08,20.68,-0.05,12.38,-73.62,-65.48
2023-09-10 08:52:08,4.34,13.27,12.3,-52.6,-11.91
2023-05-08 22:52:08,23.27,13.11,18.86,-56.03,-86.57
2023-02-27 05:52:08,18.74,1.28,2.24,-89.42,54.1
2023-01-20 19:52:08,19.6,0.2,2.23,-73.65,-87.42
2022-11-07 02:52:08,14.11,0.45,12.5,-70.76,-101.13
2023-04-13 19:52:08,23.33,20.19,24.78,-79.13,-112.34
2023-05-23 16:52:08,24.8,12.99,20.83,-80.56,-4.24
2023-05-31 23:52:08,12.99,-0.93,9.63,-86.85,50.77
2023-09-13 05:52:08,10.64,7.16,3.18,-70.79,-166.26
2023-01-25 13:52:08,15.46,12.82,3.38,-85.74,-96.33
2023-05-28 18:52:08,21.38,17.51,1.34,-70.54,90.42
2023-01-12 00:52:08,16.84,11.58,2.52,-61.23,100.62
2023-07-21 06:52:08,11.2,9.19,19.97,-87.27,59.99
2023-06-05 04:52:08,0.63,3.55,24.4,-70.58,-75.16
2023-02-02 07:52:08,0.49,1.93,16.19,-79.17,155.51
2022-10-02 09:52:08,9.41,15.3,19.68,-58.82,-154.36
2023-08-22 08:52:08,3.29,20.58,4.62,-56.85,42.11
2023-08-16 14:52:08,18.64,23.29,6.72,-53.46,9.81
2022-12-01 15:52:08,21.64,3.93,7.52,-53.73,-64.56
2022-09-22 21:52:08,3.31,14.76,5.66,-86.89,-38.24
2023-08-26 23:52:08,24.39,6.7,23.13,-76.46,-9.19
2022-11-18 22:52:08,9.31,22.71,7.48,-56.8,-37.32
2023-02-15 23:52:08,4.58,17.42,21.92,-54.22,160.35
2023-04-12 22:52:08,0.95,22.45,16.31,-68.28,-79.88
2023-02-07 07:52:08,13.47,9.03,12.49,-52.22,76.66
2023-01-10 01:52:08,23.61,13.4,22.56,-78.5,-128.78
2022-12-09 23:52:08,10.3,1.25,3.34,-59.0,178.61
2023-06-05 16:52:08,21.08,16.59,11.05,-78.05,-86.45
2022-12-11 04:52:08,23.33,24.98,8.58,-65.27,-172.43
2023-07-15 14:52:08,10.72,3.97,0.33,-54.21,109.39
2022-11-20 19:52:08,0.59,24.76,20.28,-63.63,-156.5
2022-10-07 21:52:08,23.22,4.42,20.9,-63.16,98.1
2023-08-28 09:52:08,-0.3,16.21,12.08,-83.71,-126.3
2023-03-11 12:52:08,12.73,18.19,17.81,-83.36,153.19
2023-08-13 06:52:08,20.83,20.93,4.76,-59.93,-71.37
2023-05-04 06:52:08,19.99,23.15,14.21,-86.36,64.5
2023-07-30 13:52:08,24.35,14.02,3.41,-65.1,19.65
2022-12-15 12:52:08,5.63,15.98,4.87,-65.79,141.05
2022-11-20 15:52:08,5.04,8.46,20.52,-67.42,-52.56
2023-08-12 09:52:08,2.89,22.31,20.64,-78.71,-95.45
2022-10-17 16:52:08,17.56,4.14,6.3,-80.27,-57.56
2022-12-19 04:52:08,22.32,6.85,20.38,-75.87,48.6
2023-05-26 20:52:08,7.31,15.29,24.28,-77.05,-21.38
2023-06-22 17:52:08,13.27,-0.35,14.39,-50.28,-63.71
2023-08-22 10:52:08,3.77,17.18,4.85,-73.74,12.66
2023-01-31 03:52:08,18.99,24.31,11.82,-52.36,175.45
2023-08-07 14:52:08,6.32,19.22,5.49,-89.56,-20.7
2023-03-23 16:52:08,3.39,16.59,6.98,-68.49,59.43
2023-01-01 19:52:08,8.07,10.77,15.91,-88.83,-168.71
2022-11-28 01:52:08,11.53,21.31,17.7,-78.61,-16.23
2023-07-25 16:52:08,5.31,3.68,-0.7,-84.51,-65.91
2023-05-22 09:52:08,21.16,12.37,21.64,-81.52,-23.53
2023-08-14 09:52:08,4.67,13.11,16.35,-57.02,-45.65
2023-03-23 18:52:08,12.98,0.56,9.91,-69.43,-143.34
2023-01-29 22:52:08,3.64,5.41,2.48,-65.01,-62.05
2022-09-23 14:52:08,3.61,18.58,17.98,-58.07,142.54
2023-04-26 06:52:08,-0.21,12.5,15.27,-76.86,37.45
2023-08-29 17:52:08,22.45,8.44,18.29,-83.17,-17.41
2023-01-17 21:52:08,9.32,17.18,6.41,-60.29,-95.3
2023-02-02 13:52:08,18.75,3.07,16.12,-89.6,-126.56
2023-03-16 00:52:08,6.13,5.46,-0.55,-77.23,-28.61
2023-03-10 02:52:08,19.23,19.14,22.28,-85.67,22.68
2023-02-01 21:52:08,16.72,0.78,14.77,-51.17,-82.56
2023-03-25 14:52:08,8.21,5.64,-0.64,-66.19,160.07
2023-08-04 21:52:08,9.55,3.65,17.03,-51.28,-93.28
2023-06-08 06:52:08,23.46,19.23,6.04,-78.79,-79.9
2023-04-26 01:52:08,16.52,14.75,7.6,-85.78,-116.52
2022-09-22 12:52:08,-0.87,0.73,-0.31,-62.42,-125.26
2023-06-13 04:52:08,8.57,8.51,20.45,-79.52,127.11
2023-06-14 05:52:08,7.9,0.54,11.71,-65.85,127.37
2023-03-04 12:52:08,21.8,17.27,15.19,-73.17,57.02
2023-06-27 17:52:08,-0.59,10.02,22.42,-83.84,168.29
2023-06-10 01:52:08,1.1,7.49,-0.37,-89.81,93.7
2023-04-03 09:52:08,9.77,19.11,15.26,-88.05,-118.06
2022-09-24 08:52:08,13.04,22.86,5.56,-82.66,10.53
2022-11-16 22:52:08,4.91,-0.28,5.16,-53.82,36.12
2023-08-06 13:52:08,13.57,14.11,21.91,-57.39,129.02
2023-05-10 14:52:08,14.72,23.65,0.32,-84.82,3.77
2023-01-02 11:52:08,24.06,0.26,3.17,-50.69,-96.26
2023-05-05 08:52:08,14.64,4.31,14.69,-69.94,-3.57
2022-09-21 08:52:08,5.48,18.34,4.0,-74.48,160.91
2023-03-30 05:52:08,-0.52,12.37,-0.54,-77.08,60.58
2023-08-17 05:52:08,3.29,15.17,19.94,-75.33,43.06
2023-01-24 00:52:08,2.43,17.87,18.26,-51.45,-15.99
2023-06-10 09:52:08,7.25,4.97,23.11,-74.59,-157.81
2022-10-06 19:52:08,3.83,11.73,12.56,-69.11,-166.61
2023-08-26 20:52:08,18.27,19.75,20.85,-87.29,-36.0
2023-08-16 13:52:08,14.05,6.58,2.02,-54.98,119.27
2023-08-09 12:52:08,16.55,21.09,13.86,-87.03,-96.81
2022-10-07 04:52:08,3.35,19.12,19.52,-81.65,-171.58
2023-01-13 06:52:08,23.72,4.43,4.19,-52.89,134.03
2022-12-07 04:52:08,15.99,13.45,9.14,-57.95,55.28
2023-05-16 23:52:08,6.33,24.24,5.09,-65.59,174.99
2022-09-23 17:52:08,17.41,23.99,14.98,-67.64,60.15
2022-11-20 03:52:08,5.4,-0.34,9.98,-64.63,138.93
2023-06-17 11:52:08,11.72,13.47,2.13,-57.21,169.57
2022-10-10 18:52:08,9.56,9.33,13.65,-70.52,-9.81
2023-01-18 13:52:08,12.97,8.02,-0.97,-66.52,-36.05
2022-09-19 11:52:08,3.84,11.74,-0.03,-59.76,-36.97
2023-01-04 17:52:08,12.52,19.23,19.09,-72.87,-111.92
2023-03-24 23:52:08,17.79,21.53,0.64,-54.1,-129.03
2023-09-05 12:52:08,15.22,22.57,12.85,-89.29,62.41
2022-10-24 06:52:08,16.07,21.71,-0.74,-51.5,-125.33
2023-06-16 10:52:08,5.1,3.82,20.34,-71.33,-137.74
2023-01-31 03:52:08,11.44,1.43,18.49,-60.61,-52.14
2023-04-18 13:52:08,16.64,7.44,20.46,-88.6,-118.13
2023-03-15 17:52:08,18.1,7.52,24.2,-57.9,153.69
2023-08-21 19:52:08,21.52,4.25,13.39,-73.22,158.61
2023-04-06 19:52:08,20.65,17.95,2.22,-51.7,161.06
2022-11-20 23:52:08,13.42,18.41,22.4,-85.87,-37.83
2022-11-25 13:52:08,13.2,22.09,15.5,-61.29,-14.88
2022-10-14 21:52:08,23.41,13.92,21.91,-57.57,72.25
2022-09-30 06:52:08,12.98,13.82,18.9,-50.26,-175.56
2023-08-19 11:52:08,4.09,14.08,0.59,-70.72,74.11
2022-12-04 21:52:08,10.46,6.24,10.5,-52.69,105.33
2022-09-22 01:52:08,7.88,11.21,13.12,-68.69,7.68
2023-09-01 21:52:08,15.05,0.99,21.64,-77.77,-57.84
2023-04-21 01:52:08,11.95,13.67,-0.3,-59.77,-156.64
2023-02-25 07:52:08,9.35,17.65,9.71,-83.66,-152.27
2022-11-25 04:52:08,24.91,10.42,10.82,-77.06,176.45
2023-02-20 10:52:08,8.49,20.67,4.81,-87.11,-37.24
2022-12-03 23:52:08,4.44,22.28,24.33,-73.58,-116.23
2023-07-19 01:52:08,7.5,19.61,14.13,-54.32,-135.4
2023-08-29 15:52:08,18.17,15.5,2.45,-74.62,-94.16
2023-07-07 04:52:08,2.67,22.75,12.02,-77.93,-51.1
2023-06-19 17:52:08,12.23,12.12,14.08,-60.55,-18.66
2022-12-01 03:52:08,5.42,1.97,23.16,-80.55,-61.33
2023-06-16 07:52:08,21.91,19.8,23.55,-67.81,-42.6
2023-08-21 19:52:08,20.04,6.21,10.22,-68.98,157.9
2022-11-22 01:52:08,11.78,12.15,14.42,-71.76,-166.35
2022-10-14 19:52:08,21.6,10.17,-0.57,-84.33,87.8
2022-10-24 18:52:08,9.15,14.25,17.09,-82.25,-137.11
2023-07-27 19:52:08,0.28,12.48,19.82,-74.04,163.63
2023-08-15 06:52:08,13.07,13.97,13.44,-76.22,127.83
2023-05-18 16:52:08,2.15,2.03,22.49,-67.11,-30.54
2023-09-03 22:52:08,-0.83,11.95,17.16,-56.3,75.96
2023-03-15 21:52:08,23.49,1.75,17.41,-89.63,-129.01
2023-07-16 20:52:08,10.51,3.82,22.14,-80.5,-124.8
2022-10-08 21:52:08,7.91,23.96,10.48,-74.34,45.3
2023-01-13 06:52:08,17.06,2.08,15.22,-67.79,-97.69
2023-07-03 00:52:08,6.28,9.33,20.21,-74.67,-158.18
2023-09-09 22:52:08,13.76,13.8,8.47,-73.2,-100.95
2023-09-03 23:52:08,12.48,9.19,4.31,-86.27,-135.86
2023-07-08 05:52:08,12.26,21.33,11.75,-59.87,15.38
2023-09-06 06:52:08,18.35,-0.95,10.56,-86.31,140.59
2023-02-19 03:52:08,8.62,11.73,18.39,-74.21,62.97
2023-05-17 00:52:08,13.34,8.9,10.38,-68.98,47.6
2023-07-25 23:52:08,18.97,13.86,6.74,-75.26,-26.12
2023-04-03 04:52:08,13.62,6.38,-0.53,-65.01,-87.43
2023-06-10 05:52:08,20.6,9.35,22.29,-55.73,148.39
2023-07-09 19:52:08,22.01,8.01,5.39,-69.74,147.56
2023-01-14 19:52:08,21.86,7.93,15.78,-87.67,-70.59
2022-09-20 05:52:08,14.51,7.47,17.38,-68.05,-163.62
2023-07-05 20:52:08,22.7,11.83,7.26,-76.19,-107.56
2023-08-21 18:52:08,3.75,8.34,22.23,-60.63,52.68
2023-06-01 11:52:08,19.33,7.39,13.35,-65.78,71.02
2022-12-25 21:52:08,2.64,10.4,5.82,-70.13,-33.44
2022-11-03 01:52:08,15.4,10.81,16.89,-63.21,-8.39
2023-09-16 21:52:08,1.7,12.01,0.65,-50.64,28.95
2023-01-28 17:52:08,12.2,4.93,24.02,-56.9,142.98
2022-11-20 03:52:08,1.93,15.76,22.79,-64.25,25.56
2023-02-26 20:52:08,4.36,11.66,5.79,-71.76,164.47
2023-03-26 05:52:08,3.16,23.46,1.52,-80.46,-72.64
2023-08-11 20:52:08,7.46,18.57,4.69,-67.61,125.85
2023-07-30 01:52:08,2.87,6.73,16.05,-83.01,-24.56
2022-10-30 10:52:08,21.0,23.17,21.46,-73.24,170.95
2022-11-17 01:52:08,0.18,22.86,13.25,-73.54,-172.22
2023-06-05 14:52:08,4.57,2.04,21.41,-82.82,30.94
2022-10-01 20:52:08,24.91,11.02,7.97,-61.99,-21.04
2022-10-13 20:52:08,15.48,19.72,3.04,-79.51,-79.93
2022-10-07 20:52:08,23.27,1.13,4.07,-88.15,-49.17
2022-11-11 19:52:08,9.62,-0.17,11.62,-75.66,6.32
2023-08-19 09:52:08,17.1,2.0,23.1,-51.1,122.08
2023-07-05 15:52:08,24.66,14.14,24.95,-59.6,-101.51
2022-12-26 22:52:08,7.81,6.72,21.96,-70.86,-145.82
2023-03-09 02:52:08,23.78,17.74,16.75,-72.39,19.39
2022-12-05 12:52:08,2.23,9.26,15.13,-63.98,21.18
2023-01-13 08:52:08,2.34,10.17,20.42,-79.52,76.31
2023-07-05 08:52:08,18.94,17.6,0.19,-61.76,118.98
2022-11-05 17:52:08,13.03,2.63,1.6,-79.4,-98.43
2023-09-06 12:52:08,3.78,2.22,4.71,-60.68,33.94
2022-11-30 17:52:08,14.74,7.53,3.51,-86.22,169.34
2023-04-11 11:52:08,0.48,20.7,13.95,-72.85,120.31
2022-11-26 00:52:08,22.92,13.9,18.98,-87.19,22.22
2023-07-13 01:52:08,13.8,19.16,1.16,-65.52,-97.87
2023-05-31 23:52:08,3.11,1.3,10.61,-66.69,-147.27
2023-02-12 07:52:08,1.86,16.81,0.83,-76.18,64.32
2023-09-02 09:52:08,7.97,5.18,7.09,-61.34,-154.31
2023-02-17 17:52:08,9.52,17.77,0.17,-79.48,88.65
2023-04-11 15:52:08,10.82,15.91,5.22,-83.13,118.06
2022-10-05 20:52:08,16.95,22.57,22.43,-84.26,-93.25
2023-01-14 04:52:08,7.52,7.2,1.12,-68.11,-149.02
2023-06-22 03:52:08,12.05,6.45,24.65,-62.88,-17.48
2023-02-06 16:52:08,18.38,-0.25,0.53,-79.61,98.61
2023-03-12 08:52:08,12.1,11.64,11.67,-86.57,65.75
2023-06-16 05:52:08,15.88,5.25,21.92,-62.27,-109.83
2022-09-29 07:52:08,7.87,10.89,5.55,-81.19,173.0
2023-08-16 05:52:08,17.03,21.2,23.63,-72.83,100.98
2022-12-22 02:52:08,1.14,4.09,17.33,-62.87,31.6
2023-06-07 08:52:08,19.5,23.02,24.05,-88.51,-164.56
2022-12-04 00:52:08,15.34,4.43,8.95,-82.56,144.17
2022-11-25 23:52:08,12.15,7.99,17.5,-70.27,53.85
2023-07-25 20:52:08,2.1,13.76,23.38,-84.15,-132.33
2023-05-04 02:52:08,23.57,8.34,5.64,-79.69,-44.09
2023-05-31 23:52:08,1.58,21.9,19.58,-80.43,-156.45
2023-07-06 03:52:08,13.56,15.11,8.25,-72.01,18.86
2023-04-23 22:52:08,14.66,17.78,3.67,-87.74,90.78
2023-04-23 10:52:08,5.94,5.96,13.05,-59.71,102.19
2022-10-31 18:52:08,18.19,21.98,4.63,-62.5,28.68
2023-09-18 06:52:08,11.67,14.42,1.21,-78.74,-86.1
2023-01-22 00:52:08,-0.91,17.17,13.27,-86.91,-1.4
2023-03-28 16:52:08,4.71,-0.82,23.43,-51.07,124.69
2022-09-22 11:52:08,23.07,24.66,14.29,-55.44,32.13
2022-09-20 08:52:08,6.28,6.95,23.24,-81.29,146.57
2023-07-04 15:52:08,0.65,16.52,16.57,-52.71,-72.33
2023-01-15 03:52:08,11.25,-0.49,7.82,-67.27,-67.55
2023-04-23 09:52:08,6.11,8.19,8.26,-80.77,25.1
2022-11-17 10:52:08,2.31,6.48,18.74,-64.36,-6.05
2023-03-26 01:52:08,12.33,9.11,15.27,-63.01,156.27
2023-07-26 15:52:08,7.62,23.32,9.76,-87.8,131.82
2023-02-27 20:52:08,6.7,23.38,11.52,-79.47,26.73
2023-01-20 03:52:08,19.7,-0.39,17.69,-67.54,-38.37
2023-06-27 19:52:08,24.18,14.11,13.56,-57.67,65.33
2022-12-07 00:52:08,4.45,5.75,22.05,-83.28,-156.46
2023-01-13 07:52:08,1.46,4.44,18.3,-77.82,-80.2
2023-07-27 07:52:08,5.11,17.34,0.35,-72.45,-111.52
2023-01-06 08:52:08,21.53,20.15,7.78,-86.25,-94.76
2022-11-08 18:52:08,12.75,0.14,19.44,-73.68,166.59
2023-04-29 19:52:08,15.49,21.93,4.93,-82.42,145.81
2023-06-13 12:52:08,5.4,1.63,6.86,-80.86,63.29
2023-09-10 18:52:08,18.38,11.85,9.25,-58.04,-48.13
2023-07-08 23:52:08,19.46,3.9,3.35,-88.28,35.55
2023-05-12 12:52:08,13.05,5.82,13.24,-68.53,-54.2
2022-11-03 15:52:08,20.72,1.07,4.01,-61.82,-103.75
2023-07-31 09:52:08,24.95,23.78,17.56,-54.24,79.92
2023-07-18 04:52:08,20.71,18.48,13.63,-68.19,-19.82
2022-10-27 08:52:08,6.24,3.43,3.55,-53.46,-46.34
2023-07-08 14:52:08,3.84,8.99,6.35,-76.17,-165.39
2022-12-31 01:52:08,16.45,8.51,18.82,-88.05,-175.74
2023-08-20 19:52:08,4.82,2.98,16.67,-68.13,-172.62
2022-12-16 02:52:08,4.28,8.01,7.4,-69.71,-18.14
2023-06-10 22:52:08,23.44,4.31,22.2,-60.34,105.75
2023-02-19 23:52:08,11.79,23.31,2.58,-86.0,102.13
2023-05-05 16:52:08,-0.39,19.48,0.45,-87.26,-45.0
2023-05-02 17:52:08,2.49,13.74,15.48,-75.12,26.42
2023-04-28 06:52:08,10.44,18.54,8.38,-82.99,33.86
2023-07-19 03:52:08,0.1,24.27,24.68,-68.65,121.46
2023-04-02 14:52:08,22.42,18.49,3.55,-64.47,-75.56
2022-10-02 05:52:08,9.94,-0.6,14.33,-66.67,17.92
2023-05-06 23:52:08,15.2,6.38,10.46,-82.89,-21.72
2022-09-19 13:52:08,10.0,23.43,3.87,-85.77,36.81
2023-06-20 04:52:08,6.16,12.38,2.67,-59.04,54.36
2023-09-16 20:52:08,2.48,17.45,1.23,-55.79,-45.48
2023-04-19 09:52:08,9.73,15.66,13.7,-55.2,20.5
2022-12-31 01:52:08,17.64,12.35,22.79,-70.78,-138.57
2023-09-12 09:52:08,10.82,10.83,19.67,-59.57,129.47
2022-10-08 07:52:08,18.65,12.54,5.29,-80.1,-56.91
2023-04-12 06:52:08,-0.82,13.89,14.03,-71.34,26.24
2023-04-06 17:52:08,5.02,21.48,9.9,-60.95,-68.02
2023-03-04 17:52:08,6.3,12.56,22.94,-82.97,133.41
2023-06-21 22:52:08,14.87,21.29,10.17,-75.06,-101.21
2023-04-10 10:52:08,18.31,16.06,22.11,-64.24,-170.14
2022-12-14 09:52:08,16.77,16.12,4.89,-84.83,-48.71
2023-08-09 21:52:08,8.26,17.11,8.87,-79.34,10.64
2023-09-11 19:52:08,22.64,18.25,0.1,-81.56,8.88
2023-08-31 05:52:08,2.18,2.48,6.01,-78.91,-138.32
2022-11-23 10:52:08,12.24,3.78,6.73,-77.93,89.69
2023-07-01 09:52:08,13.86,0.8,19.75,-67.26,-148.52
2022-11-23 21:52:08,19.22,9.18,2.26,-89.36,-22.67
2023-07-06 23:52:08,9.54,12.15,15.13,-57.78,91.12
2022-11-16 00:52:08,-0.74,23.87,20.23,-52.95,91.62
2023-04-05 15:52:08,23.44,-0.72,18.25,-86.18,160.72
2023-05-07 09:52:08,21.41,8.36,14.09,-71.84,78.01
2023-08-16 12:52:08,22.0,6.4,19.07,-72.31,-135.06
2022-10-21 09:52:08,16.92,11.87,16.38,-53.23,-106.65
2023-07-28 19:52:08,1.03,6.44,8.42,-65.21,67.98
2022-11-11 14:52:08,3.68,8.03,24.55,-60.86,-112.9
2023-03-17 12:52:08,1.69,22.78,13.53,-51.36,65.39
2023-05-14 01:52:08,17.52,17.33,3.7,-80.19,-36.25
2023-05-29 03:52:08,23.88,22.04,5.85,-64.03,-168.95
2022-09-19 12:52:08,10.99,-0.61,8.98,-80.58,133.72
2022-11-07 10:52:08,2.81,12.22,21.56,-85.04,103.48
2022-12-15 17:52:08,3.98,19.55,15.58,-58.95,44.62
2023-01-13 21:52:08,0.51,10.62,2.39,-51.55,-23.34
2023-02-11 19:52:08,7.04,13.57,5.3,-87.68,113.04
2022-10-28 21:52:08,0.15,18.47,7.74,-66.81,-100.09
2023-04-24 20:52:08,6.12,5.93,23.49,-73.54,-27.19
2023-02-26 16:52:08,5.21,10.55,0.59,-56.59,-33.53
2023-07-13 17:52:08,23.92,17.69,18.32,-85.89,-165.68
2023-06-25 08:52:08,23.06,4.93,19.86,-78.73,92.24
2023-01-08 15:52:08,10.31,18.5,8.19,-57.51,9.92
2023-06-29 16:52:08,8.06,20.65,24.4,-89.03,-63.27
2023-02-28 06:52:08,17.92,5.66,16.49,-76.89,70.0
2023-06-22 08:52:08,4.83,9.57,18.74,-65.74,-121.76
2023-09-06 21:52:08,10.51,1.49,13.32,-86.78,101.32
2023-08-10 04:52:08,8.33,3.79,19.63,-67.22,-156.96
2023-05-30 13:52:08,2.15,24.56,9.53,-58.1,-140.63
2022-10-10 16:52:08,6.21,19.79,22.3,-76.6,-141.54
2023-07-20 21:52:08,6.53,1.94,9.6,-75.25,-139.58
2022-11-03 19:52:08,6.12,6.51,18.6,-70.25,112.68
2022-10-07 14:52:08,2.15,2.53,17.84,-85.36,53.16
2023-09-04 18:52:08,17.01,22.12,14.74,-72.77,-137.01
2023-07-21 17:52:08,1.2,10.65,22.54,-77.37,-74.28
2023-05-19 07:52:08,1.47,18.33,4.25,-72.19,153.35
2023-03-11 08:52:08,18.76,9.02,24.56,-71.5,-170.69
2022-10-16 04:52:08,18.26,22.75,8.21,-51.57,135.93
2023-06-24 13:52:08,2.11,20.84,22.23,-58.81,-24.62
2023-07-25 10:52:08,4.22,14.95,12.44,-76.89,41.76
2022-12-23 23:52:08,7.32,24.3,18.78,-62.16,-85.18
2022-10-06 22:52:08,21.19,19.18,7.1,-84.92,-94.78
2023-02-16 06:52:08,9.15,15.31,8.74,-80.42,172.6
2022-12-23 14:52:08,24.77,9.71,17.02,-89.72,-69.04
2023-02-11 23:52:08,5.98,23.72,23.15,-87.31,68.31
2022-10-26 09:52:08,8.48,15.44,11.38,-62.71,61.48
2022-12-16 05:52:08,4.23,21.03,13.95,-66.08,125.21
2022-11-30 05:52:08,16.86,10.87,7.58,-56.43,132.72
2023-08-10 17:52:08,17.16,7.46,8.67,-51.46,171.29
2023-06-12 16:52:08,3.17,9.24,14.14,-57.6,-62.45
2023-05-26 07:52:08,9.89,24.56,22.48,-59.9,-36.35
2022-12-06 07:52:08,14.86,5.0,14.79,-53.66,-97.16
2023-07-19 04:52:08,1.04,4.39,19.41,-52.35,179.55
2022-09-22 19:52:08,5.24,6.22,14.51,-67.94,-176.65
2023-05-02 19:52:08,8.03,0.88,10.8,-82.47,44.44
2023-08-22 19:52:08,15.04,16.25,22.85,-72.49,122.69
2023-09-13 11:52:08,1.38,24.7,13.75,-55.76,144.35
2022-10-01 10:52:08,16.21,18.04,22.9,-68.28,134.05
2023-06-17 09:52:08,21.1,4.87,1.74,-63.61,-133.11
2023-08-21 20:52:08,5.82,17.77,11.34,-70.97,65.95
2023-02-07 08:52:08,8.45,-0.87,5.68,-77.33,-5.88
2022-12-14 16:52:08,23.96,17.13,1.94,-50.43,-81.08
2022-12-04 08:52:08,11.02,22.38,7.9,-78.94,-53.8
2023-06-04 11:52:08,16.88,18.52,17.57,-70.83,164.42
2022-10-27 23:52:08,9.51,1.03,17.1,-74.31,-70.68
2023-03-24 13:52:08,11.63,5.92,4.03,-83.88,-50.57
2023-04-17 18:52:08,1.11,17.76,11.17,-57.51,93.21
2023-07-24 16:52:08,12.44,6.49,13.9,-75.08,174.72
2023-09-15 10:52:08,-0.8,13.59,14.36,-80.17,172.21
2023-05-10 03:52:08,5.35,5.56,21.4,-73.8,-168.43
2023-02-14 15:52:08,12.56,23.76,12.49,-82.43,-107.2
2022-10-21 17:52:08,24.98,24.62,11.02,-81.13,-147.12
2023-03-06 13:52:08,19.66,6.88,17.33,-57.36,-44.37
2023-08-04 01:52:08,21.14,9.36,4.92,-89.04,-67.48
2022-10-26 05:52:08,14.52,19.19,12.89,-52.41,147.11
2022-10-12 08:52:08,22.98,13.57,2.85,-62.46,67.12
2023-05-15 09:52:08,3.24,8.36,13.38,-61.52,-7.45
2022-11-01 16:52:08,14.04,11.7,8.56,-86.95,134.6
2023-06-18 05:52:08,13.25,2.08,19.66,-67.63,-86.32
2022-12-08 16:52:08,22.72,19.94,5.46,-57.01,178.76
2023-01-31 14:52:08,-0.99,13.96,12.88,-55.26,-100.95
2023-02-10 02:52:08,6.04,23.25,8.78,-79.22,-118.02
2022-12-25 17:52:08,20.15,9.4,24.35,-68.34,-64.85
2023-09-03 20:52:08,-0.32,5.46,17.17,-79.88,38.92
2023-07-29 15:52:08,22.52,5.31,11.57,-69.88,-161.05
2023-05-17 11:52:08,5.71,8.84,18.24,-89.35,152.23
2023-06-06 18:52:08,3.28,8.39,6.02,-69.23,-141.12
2023-02-09 22:52:08,2.75,9.53,18.82,-87.43,-19.69
2023-09-13 04:52:08,11.99,5.88,10.95,-65.43,163.18
2023-04-04 07:52:08,2.11,15.52,5.08,-53.31,-107.03
2022-12-30 01:52:08,8.81,1.95,10.33,-69.03,-73.66
2023-07-30 10:52:08,3.37,7.75,-0.14,-52.66,82.56
2023-01-04 01:52:08,0.11,8.19,6.69,-89.73,-16.19
2022-10-11 17:52:08,8.44,7.37,3.04,-73.3,-158.86
2023-04-18 15:52:08,22.18,9.58,17.59,-59.62,-16.74
2022-10-03 22:52:08,20.49,12.8,20.49,-62.7,53.55
2023-04-13 10:52:08,15.36,18.07,18.66,-56.0,161.17
2023-04-19 18:52:08,15.72,23.06,16.86,-64.6,-8.7
2022-11-27 03:52:08,0.63,4.07,20.14,-74.39,136.89
2023-08-20 09:52:08,22.76,22.52,2.55,-51.1,76.99
2022-12-24 15:52:08,20.12,24.33,24.48,-50.58,51.93
2022-11-26 22:52:08,24.16,17.24,24.69,-50.56,-73.33
2022-12-07 19:52:08,5.84,3.02,2.44,-68.31,-67.32
2023-04-01 05:52:08,-0.74,10.9,12.48,-85.63,-125.45
2023-05-31 11:52:08,22.55,21.3,1.27,-82.3,144.89
2023-08-22 23:52:08,21.46,24.98,20.03,-61.5,44.46
2023-03-17 00:52:08,3.66,24.54,11.9,-66.63,53.92
2023-06-12 22:52:08,24.12,10.13,4.24,-70.67,11.27
2023-04-25 13:52:08,7.77,11.8,-0.39,-69.17,-90.79
2022-12-06 21:52:08,9.42,14.53,11.91,-66.75,51.54
2023-04-18 03:52:08,0.75,0.03,11.35,-50.13,46.79
2022-11-13 09:52:08,21.71,15.73,16.48,-54.19,173.34
2023-07-05 18:52:08,12.46,17.38,20.14,-78.7,137.78
2023-01-14 19:52:08,17.75,17.17,16.42,-67.7,133.01
2023-09-06 01:52:08,11.38,6.7,21.59,-67.13,-106.62
2022-12-25 21:52:08,8.01,15.79,12.42,-61.22,-137.51
2022-12-13 22:52:08,24.72,17.28,21.19,-84.24,0.47
2022-10-10 16:52:08,6.15,24.38,5.32,-63.36,7.55
2023-07-25 14:52:08,17.11,4.24,9.68,-78.13,1.87
2023-07-10 22:52:08,2.16,19.97,1.3,-64.6,79.17
2022-12-05 16:52:08,1.21,23.8,23.84,-80.79,-23.82
2023-09-02 00:52:08,15.67,4.14,11.71,-61.82,-10.79
2023-04-18 12:52:08,23.36,0.04,19.13,-81.0,162.58
2023-06-03 16:52:08,13.1,14.85,15.37,-78.86,22.74
2023-09-12 02:52:08,12.79,21.03,4.61,-71.9,73.35
2023-07-23 12:52:08,16.32,12.87,23.35,-60.84,29.95
2023-05-03 19:52:08,15.0,7.24,20.73,-88.6,-170.07
2023-08-22 15:52:08,0.63,1.72,0.88,-80.7,-30.25
2023-07-02 18:52:08,-0.37,11.14,24.86,-60.94,122.42
2023-02-22 13:52:08,9.59,7.86,0.76,-74.3,167.56
2023-01-24 02:52:08,19.19,20.9,20.7,-84.76,57.6
2023-05-19 14:52:08,15.91,10.99,11.37,-67.49,31.9
2023-04-11 08:52:08,16.97,12.8,7.73,-80.92,-91.15
2022-10-01 22:52:08,1.07,16.79,21.76,-83.94,167.14
2023-07-17 09:52:08,18.54,24.32,17.51,-62.5,78.5
2023-01-05 18:52:08,13.49,18.86,21.14,-73.88,42.38
2023-07-16 09:52:08,3.84,14.31,19.42,-85.34,169.63
2022-10-02 15:52:08,3.32,18.91,17.42,-62.87,-90.43
2023-05-16 10:52:08,10.1,12.54,3.76,-61.0,-164.27
2023-08-25 22:52:08,6.85,20.52,18.34,-71.09,121.62
2022-12-24 08:52:08,21.81,16.63,11.59,-89.89,-6.65
2022-11-15 18:52:08,17.1,7.94,5.42,-59.17,49.05
2022-11-13 03:52:08,24.28,2.65,8.14,-63.16,72.66
2022-10-06 01:52:08,17.89,19.01,9.68,-75.95,77.57
2022-12-08 08:52:08,23.12,9.59,11.2,-74.86,-107.92
2023-04-05 15:52:08,17.56,15.58,14.75,-74.46,149.14
2023-02-25 10:52:08,3.0,22.65,5.85,-62.67,110.43
2023-08-28 09:52:08,12.11,17.76,13.56,-59.85,-107.7
2023-03-30 02:52:08,20.39,24.25,12.15,-79.42,127.61
2023-08-11 15:52:08,16.14,21.25,2.0,-83.04,2.89
2022-11-18 04:52:08,19.4,17.06,1.93,-58.2,-18.22
2023-06-19 10:52:08,3.87,0.55,0.76,-52.87,-177.25
2022-12-05 07:52:08,13.1,12.91,6.95,-88.0,115.26
2023-08-25 19:52:08,21.26,24.12,8.25,-66.52,82.62
2023-03-02 16:52:08,9.1,18.89,4.45,-53.69,132.75
2023-04-23 00:52:08,9.72,3.07,24.15,-58.23,-90.11
2023-07-12 08:52:08,12.19,22.86,1.5,-64.34,154.89
2023-05-22 17:52:08,19.37,24.67,1.75,-89.82,176.17
2023-05-01 13:52:08,24.05,-0.67,4.92,-60.4,13.42
2023-06-23 21:52:08,6.59,12.06,18.42,-62.01,13.99
2023-04-10 14:52:08,1.22,14.18,22.9,-72.07,-160.57
2023-06-23 12:52:08,15.39,22.65,8.45,-58.44,-32.81
2023-04-17 17:52:08,17.17,8.08,22.76,-50.72,-106.71
2023-01-22 04:52:08,5.05,10.01,20.51,-70.37,33.05
2023-07-02 04:52:08,-0.29,12.17,22.58,-82.25,16.85
2023-09-11 16:52:08,15.89,-0.67,7.75,-84.23,-20.57
2022-12-27 10:52:08,-0.69,24.71,20.46,-68.35,-134.98
2023-06-01 11:52:08,13.23,9.21,9.99,-76.32,141.42
2023-06-06 06:52:08,24.5,14.4,7.6,-61.74,-5.6
2022-11-04 09:52:08,15.3,23.02,15.77,-64.98,101.32
2023-02-08 02:52:08,1.71,14.15,10.76,-65.88,-106.26
2022-10-31 15:52:08,-0.4,4.88,17.02,-64.27,94.03
2023-04-20 03:52:08,10.7,-0.57,9.96,-69.55,-44.62
2023-01-16 04:52:08,13.73,12.65,21.16,-86.69,25.85
2023-07-31 09:52:08,-0.3,13.62,24.4,-54.84,77.18
2023-02-08 18:52:08,3.72,11.83,9.43,-72.24,88.36
2023-06-19 07:52:08,20.35,18.52,11.42,-56.14,-16.31
2022-11-30 09:52:08,7.9,2.89,5.01,-80.18,6.21
2023-06-12 05:52:08,16.91,20.97,15.02,-51.42,-3.94
2023-06-06 18:52:08,18.6,24.39,10.04,-87.71,51.5
2023-08-14 00:52:08,2.81,10.15,23.09,-87.25,166.73
2022-12-26 07:52:08,9.19,0.87,23.97,-76.2,-67.15
2023-06-07 07:52:08,18.94,21.02,24.08,-84.67,-68.65
2022-12-15 23:52:08,21.44,14.77,2.65,-74.3,156.85
2023-08-15 12:52:08,5.03,21.62,10.32,-53.9,-162.45
2023-07-27 08:52:08,7.58,16.18,18.76,-86.41,-34.59
2023-02-20 21:52:08,21.98,20.73,15.41,-82.03,-120.24
2023-05-30 06:52:08,7.9,3.99,0.4,-84.1,22.8
2022-10-06 03:52:08,-0.87,7.75,17.83,-58.81,-158.36
2023-09-08 12:52:08,6.37,23.5,13.17,-74.77,-39.94
2022-11-15 04:52:08,6.34,5.35,13.57,-59.93,9.85
2023-04-08 21:52:08,1.5,10.07,1.3,-71.72,-10.7
2023-09-02 23:52:08,18.49,18.76,8.96,-72.62,84.26
2023-08-26 08:52:08,0.85,15.04,0.81,-65.69,-116.26
2023-07-09 13:52:08,11.8,10.59,2.15,-68.01,-2.13
2022-11-28 16:52:08,3.62,7.81,23.98,-83.79,-68.82
2023-04-05 18:52:08,19.46,1.46,4.64,-69.85,-108.62
2023-01-06 11:52:08,17.18,8.74,13.2,-88.39,-140.79
2022-11-02 15:52:08,16.86,23.42,19.5,-77.15,-107.41
2022-11-18 06:52:08,15.61,19.57,11.25,-51.11,145.04
2023-03-15 02:52:08,21.07,9.57,19.47,-72.34,-172.73
2023-03-01 16:52:08,5.26,9.04,23.56,-55.2,-138.21
2023-07-08 16:52:08,9.77,4.77,2.15,-77.03,104.71
2022-11-10 03:52:08,4.93,18.82,8.08,-85.49,-52.68
2023-03-07 15:52:08,16.09,16.02,8.34,-58.74,101.66
2023-02-06 03:52:08,8.64,5.11,15.77,-77.22,-51.55
2023-01-27 16:52:08,22.82,17.04,9.51,-84.36,12.64
2023-02-20 14:52:08,24.39,0.6,18.34,-62.27,-119.07
2022-12-09 10:52:08,23.63,14.59,17.12,-63.76,46.41
2023-03-06 23:52:08,-0.4,8.64,4.84,-68.77,-35.65
2023-01-25 01:52:08,23.03,-0.83,20.53,-89.26,-162.06
2023-08-21 07:52:08,-0.92,12.56,12.29,-77.06,157.96
2022-11-18 13:52:08,23.78,6.02,6.35,-58.49,109.06
2022-11-23 12:52:08,6.24,9.83,14.05,-50.76,158.69
2023-04-06 06:52:08,19.95,23.73,21.8,-81.31,5.91
2023-07-01 15:52:08,3.44,6.64,18.12,-85.88,-108.08
2023-09-13 15:52:08,1.8,17.96,19.98,-83.23,-57.29
2022-10-08 15:52:08,24.76,3.98,14.75,-62.11,-96.4
2023-03-26 03:52:08,23.08,-0.15,3.32,-52.45,-93.8
2023-01-19 16:52:08,11.38,15.14,22.59,-88.74,146.76
2023-07-15 18:52:08,10.7,7.06,4.75,-75.06,14.5
2023-08-28 23:52:08,2.55,21.03,-0.84,-73.5,-74.39
2023-04-06 09:52:08,18.07,5.05,3.5,-71.56,67.4
2022-11-11 13:52:08,-0.21,23.98,-0.4,-80.86,-52.91
2022-11-06 00:52:08,24.2,10.43,22.16,-80.49,106.17
2023-01-28 05:52:08,-0.39,9.22,20.43,-77.6,-133.57
2023-01-07 10:52:08,22.42,14.77,23.71,-61.56,-118.22
2023-05-21 08:52:08,11.17,8.56,15.65,-67.87,-167.45
2023-02-16 04:52:08,5.55,11.78,7.3,-50.01,-91.39
2022-10-26 02:52:08,12.71,11.05,24.84,-77.85,167.34
2023-07-23 18:52:08,18.63,15.16,24.88,-53.7,-30.54
2023-05-30 21:52:08,22.02,5.83,7.84,-87.55,99.18
2023-09-07 22:52:08,2.54,16.01,-0.34,-81.48,-116.07
2023-04-08 11:52:08,-0.58,2.5,5.25,-88.73,-168.61
2023-05-03 15:52:08,13.41,23.73,5.04,-67.98,-177.54
2023-06-26 22:52:08,22.45,-0.26,0.57,-84.64,-138.95
2023-08-21 13:52:08,17.34,6.16,16.59,-65.24,-128.79
2023-09-09 18:52:08,7.24,13.81,19.42,-86.69,-69.75
2022-11-28 03:52:08,10.76,1.62,17.8,-78.09,163.11
2023-08-11 00:52:08,22.93,-0.53,10.15,-74.27,-110.19
2023-04-19 02:52:08,0.7,20.51,13.74,-73.72,-116.29
2022-12-18 07:52:08,9.33,0.09,22.53,-81.6,17.69
2022-12-31 16:52:08,0.58,10.46,0.65,-84.26,-45.89
2022-10-25 10:52:08,19.64,19.86,17.99,-65.85,104.98
2023-03-31 20:52:08,22.39,19.45,19.42,-72.23,80.29
2023-01-19 02:52:08,6.04,12.64,24.8,-66.75,73.63
2023-08-20 03:52:08,13.38,-0.89,9.83,-62.08,138.31
2023-06-26 03:52:08,17.32,7.55,16.26,-52.53,130.33
2023-07-08 09:52:08,17.67,14.68,14.82,-51.82,32.69
2022-10-02 02:52:08,11.09,5.18,21.5,-61.12,-152.37
2023-03-13 08:52:08,17.58,13.24,12.5,-61.57,11.52
2022-09-18 20:52:08,9.52,7.16,13.92,-83.85,-32.03
2022-12-14 20:52:08,20.67,16.56,22.44,-52.63,73.86
2023-01-19 18:52:08,4.83,4.37,10.9,-56.84,-68.07
2022-09-24 19:52:08,23.59,17.29,-0.56,-65.44,-69.03
2022-11-27 11:52:08,24.32,0.21,2.88,-72.6,-3.89
2023-08-11 08:52:08,10.3,0.33,18.84,-87.04,-40.45
2023-01-16 07:52:08,1.68,13.65,7.75,-89.58,-64.77
2022-11-06 17:52:08,18.91,12.05,17.59,-74.85,31.4
2023-07-19 09:52:08,15.89,18.55,11.87,-85.61,-148.33
2023-01-03 01:52:08,21.13,17.89,1.41,-82.34,27.88
2022-10-02 23:52:08,15.18,0.58,15.43,-87.49,-49.86
2023-03-15 09:52:08,20.0,3.06,4.47,-67.96,-162.43
2023-05-19 06:52:08,11.13,13.94,1.34,-64.64,57.13
2023-08-11 23:52:08,16.76,6.9,23.88,-59.78,-125.23
2023-08-30 18:52:08,9.9,5.84,8.04,-60.45,-137.13
2023-05-10 19:52:08,13.63,3.48,18.8,-89.79,-165.96